,Unnamed: 0.1,Unnamed: 0,author,body,score,subreddit,link_id,over_18,controversiality,author_flair_text,created_utc,flair,sentiment
786,9856,9856,AdonisSebastian,He played guard for us his rookie year.,5.0,nfl,t3_xuoli2,False,0.0,:Patriots: Patriots,2022-10-03T13:15:26Z,patriots,0.34
787,9857,9857,AdonisSebastian,No,2.0,nfl,t3_xu3l5k,False,0.0,:Patriots: Patriots,2022-10-03T07:52:12Z,patriots,-0.296
788,9858,9858,AdonisSebastian,You mean Hell has frozen over with you guys 4-0 and us in last place.,168.0,nfl,t3_xu3l5k,False,0.0,:Patriots: Patriots,2022-10-02T18:53:11Z,patriots,-0.6808
1762,13767,13767,AlexTheCool1557,I wish they would put the ‚Äúwe are all patriots‚Äù on the collars of these.,2.0,patriots,t3_xwmaco,False,0.0,:jersey10::jersey10:,2022-10-05T21:31:10Z,patriots,0.4019
1763,13772,13772,AlexTheCool1557,Who? Ryan Mallet? He wasn‚Äôt that great,8.0,patriots,t3_xuxtz4,False,0.0,:jersey10::jersey10:,2022-10-03T21:43:00Z,patriots,0.2083
1764,13773,13773,AlexTheCool1557,I‚Äôm not mad,8.0,patriots,t3_xu3lyo,False,0.0,:jersey10::jersey10:,2022-10-02T18:48:18Z,patriots,0.3875
1765,13775,13775,AlexTheCool1557,Aj Hawk Special,1.0,patriots,t3_xtxcj6,False,0.0,:jersey10::jersey10:,2022-10-02T18:01:09Z,patriots,0.4019
1766,13776,13776,AlexTheCool1557,It‚Äôs the AJ Hawk special,3.0,patriots,t3_xtxcj6,False,0.0,:jersey10::jersey10:,2022-10-02T18:00:46Z,patriots,0.4019
1767,13777,13777,AlexTheCool1557,I wanna say I saw a stat saying he‚Äôs been getting doubled but not quite sure if I‚Äôm just thinking that,1.0,patriots,t3_xtxcj6,False,0.0,:jersey10::jersey10:,2022-10-02T17:54:04Z,patriots,-0.4153
1768,13779,13779,AlexTheCool1557,Zappe has done what he needs to do. Who know with Mac we might have a more aggressive play call possibly creating more turnovers. Zappe is doing good,0.0,patriots,t3_xtxcj6,False,0.0,:jersey10::jersey10:,2022-10-02T17:51:50Z,patriots,0.1974888888888889
1769,13781,13781,AlexTheCool1557,It‚Äôs the AJ Hawk special,2.0,patriots,t3_xtxcj6,False,0.0,:jersey10::jersey10:,2022-10-02T17:39:18Z,patriots,0.4019
1770,13782,13782,AlexTheCool1557,Well Rodgers is gonna warm up,2.0,patriots,t3_xtxcj6,False,0.0,:jersey10::jersey10:,2022-10-02T17:07:49Z,patriots,0.4588
1771,13785,13785,AlexTheCool1557,I just heard from my sources that Tom Brady has been traded to the Patriots mid game. He is on his way now guys don‚Äôt worry.,3.0,patriots,t3_xtxcj6,False,0.0,:jersey10::jersey10:,2022-10-02T16:26:08Z,patriots,-0.2202
1772,13786,13786,AlexTheCool1557,We can still win this game,1.0,patriots,t3_xtxcj6,False,0.0,:jersey10::jersey10:,2022-10-02T16:24:56Z,patriots,0.5859
1773,13787,13787,AlexTheCool1557,We lose.,1.0,patriots,t3_xtxcj6,False,0.0,:jersey10::jersey10:,2022-10-02T16:15:55Z,patriots,-0.4019
1774,13788,13788,AlexTheCool1557,In this case it‚Äôs probably to get zappe comfortable,3.0,patriots,t3_xtxcj6,False,0.0,:jersey10::jersey10:,2022-10-02T16:15:13Z,patriots,0.5106
1775,13790,13790,AlexTheCool1557,"Zappe looks overwhelmed, sucks that his first drive is on the opposite end of the field",11.0,patriots,t3_xtxcj6,False,0.0,:jersey10::jersey10:,2022-10-02T15:58:44Z,patriots,-0.3182
1776,13791,13791,AlexTheCool1557,Yep,1.0,patriots,t3_xtxcj6,False,0.0,:jersey10::jersey10:,2022-10-02T15:57:30Z,patriots,0.296
1777,13792,13792,AlexTheCool1557,Guys calm down‚Ä¶. David Andrews is the emergency qb,3.0,patriots,t3_xtxcj6,False,0.0,:jersey10::jersey10:,2022-10-02T15:55:21Z,patriots,-0.1113499999999999
1778,13794,13794,AlexTheCool1557,Let‚Äôs shoot for 3!,2.0,patriots,t3_xtxcj6,False,0.0,:jersey10::jersey10:,2022-10-02T15:53:33Z,patriots,-0.4003
2496,17517,17517,ArkBirdFTW,Brady‚Äôs the only QB with a winning record when throwing more than 50 times. He‚Äôs 20-9. No one else in NFL history has more than 5 wins,4.0,nfl,t3_xwoizy,False,0.0,:Patriots: Patriots,2022-10-05T20:25:12Z,patriots,0.1576407407407407
2497,17518,17518,ArkBirdFTW,idk man if I spend over a decade of my life working towards a singular goal I better ball out when I make it,1.0,nfl,t3_xvu7wf,False,0.0,:Patriots: Patriots,2022-10-05T04:03:57Z,patriots,0.3612
2498,17519,17519,ArkBirdFTW,It‚Äôs not about proving anything he just genuinely loves playing football. There‚Äôs this quote from him that encapsulates it perfectly ‚ÄúI‚Äôve got a little sickness in me that still wants to throw a freaking spiral‚Äù,17.0,nfl,t3_xvop5w,False,0.0,:Patriots: Patriots,2022-10-04T22:19:15Z,patriots,0.337625
2499,17520,17520,ArkBirdFTW,It won‚Äôt immediately but for most of these old QBs the course of a whole season makes it much worse,9.0,nfl,t3_xvop5w,False,0.0,:Patriots: Patriots,2022-10-04T18:55:18Z,patriots,-0.631
2500,17521,17521,ArkBirdFTW,Really sad rn thinking about the possibility of noodle arm Brady. Don‚Äôt ever wanna see that man struggling late Peyton/Brees style :(,33.0,nfl,t3_xvop5w,False,0.0,:Patriots: Patriots,2022-10-04T17:27:26Z,patriots,-0.4768
2501,17526,17526,ArkBirdFTW,That 2014 week 5 game vs the Bengals is one of my favorite regular season games,5.0,nfl,t3_xrzauk,False,0.0,:Patriots: Patriots,2022-09-30T12:59:39Z,patriots,0.4588
3837,24853,24853,BeastlyMandible,"I have no issues with the way the team played today. We should not have been in that game come the second quarter, let alone in OT with them. 

But the fact of the matter is you have the ball in Green Bay territory in OT, a field goal wins it, it's 3rd and 5. You pass for some reason, it's almost picked, and then you punt to Aaron Rodgers with 6 mins to go.

You run it on third, you get 2-3 yards, you get a fourth and 2, which you go for.
If you don't get it, oh well. At least you put your team in the best position to win the game.
Punting on the opposing side of the field in OT on 4th and <8 is stupid as fuck
And for a coach that constantly sings the mantra of ""doing what's best for the football team"" he sure as fuck continues to put the team in situations where the easiest road to victory is thrown away in favor of a far more convoluted and difficult venture.

Anyway,

Go Pats",11.0,patriots,t3_xu3lyo,False,0.0,AWWWWW YEEEAAH,2022-10-02T18:57:49Z,patriots,-0.0023587606862475
3838,24855,24855,BeastlyMandible,"All goes back to that third. Why throw it. Run it for an automatic 2-3 like you have been, and set up the 4th and 1-2. 

Instead you throw it, almost get picked, and then punt on the Green Bay side of the field with dwindling time.

Just dumb.",7.0,patriots,t3_xtxcj6,False,0.0,AWWWWW YEEEAAH,2022-10-02T18:42:58Z,patriots,-0.0992304
3839,24856,24856,BeastlyMandible,Hoes sayin Tails never fails obv weren't watching SB 51 smh my head fake fans,10.0,patriots,t3_xtxcj6,False,0.0,AWWWWW YEEEAAH,2022-10-02T18:27:39Z,patriots,-0.471
3840,24857,24857,BeastlyMandible,"Should not have stopped running, worse case scenario you set up a manageable fourth. 

Play action deep shot with the rookie fourth rounder ain't it, Matty.",2.0,patriots,t3_xtxcj6,False,0.0,AWWWWW YEEEAAH,2022-10-02T18:03:45Z,patriots,0.0832
3841,24858,24858,BeastlyMandible,"The quant nerds told me from 2018-2021 how Wynn was so great and I never saw it. 

Wynn is an absolute liability and should be left in green bay.",1.0,patriots,t3_xtxcj6,False,0.0,AWWWWW YEEEAAH,2022-10-02T16:44:58Z,patriots,0.0834499999999999
3842,24859,24859,BeastlyMandible,Terrible call,9.0,patriots,t3_xtxcj6,False,0.0,AWWWWW YEEEAAH,2022-10-02T16:00:09Z,patriots,-0.4767
3843,24860,24860,BeastlyMandible,"My brother in christ, have you watched Wynn play? He's a penalty machine lol",2.0,patriots,t3_xtxcj6,False,0.0,AWWWWW YEEEAAH,2022-10-02T15:58:23Z,patriots,0.0592
3844,24861,24861,BeastlyMandible,Wynn is potentially the biggest dumbass I've watched play football lol.,3.0,patriots,t3_xtxcj6,False,0.0,AWWWWW YEEEAAH,2022-10-02T15:55:33Z,patriots,0.1531
3845,24862,24862,BeastlyMandible,At that point I think you just line up Harris with Stevenson and run the triple option lol,1.0,patriots,t3_xtxcj6,False,0.0,AWWWWW YEEEAAH,2022-10-02T15:53:17Z,patriots,0.4215
3846,24864,24864,BeastlyMandible,Probably Joe Judge at this point lol,3.0,patriots,t3_xtxcj6,False,0.0,AWWWWW YEEEAAH,2022-10-02T15:49:11Z,patriots,0.4215
3847,24865,24865,BeastlyMandible,"When given the opportunity, Wynn will always disappoint",2.0,patriots,t3_xtxcj6,False,0.0,AWWWWW YEEEAAH,2022-10-02T15:46:24Z,patriots,0.0258
4456,25748,25748,Beef-523,These are what they should go with 100%. Absolutely LOVE these concepts. I hate the blue shirt/blue pants home jerseys. Blue on white looks so much better,1.0,patriots,t3_xvucnt,False,0.0,:3-28:,2022-10-05T12:09:06Z,patriots,0.098325
5469,31956,31956,BlueRabbitx,"Can‚Äôt argue this ranking, though as good as the Steelers organization is, turning around a season with a rook qb isn‚Äôt easy",14.0,nfl,t3_xwfn85,False,0.0,:Patriots: Patriots,2022-10-05T12:24:55Z,patriots,0.5267
5470,31957,31957,BlueRabbitx,"In addition to the position, there was also the Shaq Mason trade.

But ultimately, I don‚Äôt really give a hoot what our GM does in the draft as long as the product on the field is enjoyable to watch.",6.0,patriots,t3_xvlwdg,False,0.0,:Pat_Patriot:,2022-10-04T14:14:05Z,patriots,0.29635
5471,31959,31959,BlueRabbitx,Do we have a cool nick name yet for the All-Jones secondary?,13.0,patriots,t3_xu4kkz,False,0.0,:Pat_Patriot:,2022-10-03T09:57:33Z,patriots,0.3182
5472,31960,31960,BlueRabbitx,"In fairness, we had similar complaints about Josh last year. (‚ÄúOh look, another screen pass‚Äù)

I‚Äôm excited they‚Äôre letting Mac chuck the ball downfield, for better or worse.

Overall Matt is doing a way better job than what was expected of him when he took this role, so kudos to him",17.0,patriots,t3_xuk75l,False,0.0,:Pat_Patriot:,2022-10-03T09:38:54Z,patriots,0.284237037037037
5473,31961,31961,BlueRabbitx,"Bill probably told him before he went in ‚ÄúDO NOT GIVE UP AN INTERCEPTION‚Äù

Thus underthrowing and holding ball too long

Kid did well in his first NFL action.  Kind of reminded me of Bills monsoon game last year, in a way",11.0,patriots,t3_xu3nvi,False,0.0,:Pat_Patriot:,2022-10-03T07:01:06Z,patriots,0.0683
5474,31962,31962,BlueRabbitx,Could argue that coaching was why we were in a position to ‚Äústeal a game they had no business winning‚Äù.,0.0,patriots,t3_xu3lyo,False,1.0,:Pat_Patriot:,2022-10-02T19:32:35Z,patriots,-0.5574
5475,31963,31963,BlueRabbitx,Side note.  Fuck those ‚Äúmy cousin from Boston‚Äù commercials,5.0,patriots,t3_xtxpy8,False,0.0,:Pat_Patriot:,2022-10-02T17:45:34Z,patriots,-0.27115
5476,31964,31964,BlueRabbitx,Fingers crossed Zappe isn‚Äôt worse than Hoyer,5.0,patriots,t3_xtxcj6,False,0.0,:Pat_Patriot:,2022-10-02T16:11:10Z,patriots,-0.4767
5477,31966,31966,BlueRabbitx,"Interestingly, Bengals were supposed to have a hugely upgraded and intimidating o-line.

The fact they‚Äôre playing poorly, and our line seems to be decent, is extremely surprising. 

Especially since you-know-who is our o-line coach.  It‚Äôs almost as if the media doomers were‚Ä¶. Wrong?",1.0,patriots,t3_xs2jgw,False,0.0,:Pat_Patriot:,2022-09-30T20:50:04Z,patriots,-0.094589728
6070,42039,42039,CargoCulture,It was the classic Spider 2 Y Mama play,1.0,nfl,t3_xrq2vl,False,0.0,:Patriots: Patriots,2022-09-30T11:56:33Z,patriots,0.34
7402,60068,60068,DetBabyLegs,I throw balls far. Want good words? Date a languager,36.0,nfl,t3_xwjzg0,False,0.0,:Patriots: Patriots,2022-10-05T20:21:35Z,patriots,0.0548777777777777
7409,60101,60101,DetBabyLegs,"He still sort of did it this game just not as in-depth. A couple times he was like ""they should do this"" and they did it. One time they didn't do what he thought they should do and was like ""ooh interesting to see them make that choice.""

So he still does it a bit.",65.0,nfl,t3_xukc98,False,0.0,:Patriots: Patriots,2022-10-03T13:32:07Z,patriots,0.04545
7410,60106,60106,DetBabyLegs,Are you suggesting that if a team had 100 bad calls against them and the other team had one bad call on a scoring play that would somehow be worse? Not sure how that logic works.,-18.0,nfl,t3_xu3lee,False,0.0,:Patriots: Patriots,2022-10-02T20:04:21Z,patriots,-0.327325
7411,60107,60107,DetBabyLegs,"There were plenty of bad penalties the other way, too‚Ä¶",-10.0,nfl,t3_xu3lee,False,1.0,:Patriots: Patriots,2022-10-02T19:51:21Z,patriots,-0.5423
7412,60108,60108,DetBabyLegs,Yeah he‚Äôs not an asshole to reporters. He‚Äôs just not going to give out any information that opponents can use against him. That means he refuses to openly answer like 75% of questions,117.0,nfl,t3_xu3oa4,False,0.0,:Patriots: Patriots,2022-10-02T19:44:48Z,patriots,0.131362962962963
7418,60124,60124,DetBabyLegs,"I think the OG one was either about Jon Snow or Russel Wilson, but I‚Äôm too lazy to look it up right now",1.0,nfl,t3_xs88a5,False,0.0,:Patriots: Patriots,2022-10-01T12:39:58Z,patriots,-0.5023
7419,60125,60125,DetBabyLegs,"Some of us, I assume, are nice people",29.0,nfl,t3_xt0u6f,False,0.0,:Patriots: Patriots,2022-10-01T12:39:19Z,patriots,0.4215
7420,60126,60126,DetBabyLegs,Oh God that sub can be infuriating. And I‚Äôm a regular.,20.0,nfl,t3_xt0u6f,False,0.0,:Patriots: Patriots,2022-10-01T12:37:27Z,patriots,-0.07955
7421,60127,60127,DetBabyLegs,Mr Bad Comprehension,5.0,nfl,t3_xt0u6f,False,0.0,:Patriots: Patriots,2022-10-01T12:36:42Z,patriots,-0.5423
7422,60129,60129,DetBabyLegs,Damn I did too and didn‚Äôt notice until your comment. I was thinking damn I must have missed that episode,2.0,nfl,t3_xs8to6,False,0.0,:Patriots: Patriots,2022-10-01T11:59:45Z,patriots,-0.400175
7423,60130,60130,DetBabyLegs,History will remember them as best friends,3.0,nfl,t3_xs88a5,False,0.0,:Patriots: Patriots,2022-09-30T18:14:39Z,patriots,0.8074
7424,60132,60132,DetBabyLegs,Just want to Tua Toungeovailoa if you know what I mean,5.0,nfl,t3_xs88a5,False,0.0,:Patriots: Patriots,2022-09-30T16:38:42Z,patriots,0.0772
7425,60133,60133,DetBabyLegs,I love the number of comments I get about that. Indicates people are actually reading the whole thing!,102.0,nfl,t3_xs88a5,False,0.0,:Patriots: Patriots,2022-09-30T16:08:51Z,patriots,0.167625
7427,60142,60142,DetBabyLegs,"Damn, Freudian slip‚Ä¶",38.0,nfl,t3_xs88a5,False,0.0,:Patriots: Patriots,2022-09-30T15:22:16Z,patriots,-0.4019
7428,60143,60143,DetBabyLegs,Damn I didn‚Äôt even read it all and I posted it,94.0,nfl,t3_xs88a5,False,0.0,:Patriots: Patriots,2022-09-30T15:04:52Z,patriots,-0.4019
7432,60149,60149,DetBabyLegs,"I think I remember it smelling worse the longer you hold it under.

I'm really glad we got to have this conversation today.",25.0,nfl,t3_xs88a5,False,0.0,:Patriots: Patriots,2022-09-30T14:50:52Z,patriots,0.1355749999999999
7433,60153,60153,DetBabyLegs,"McDaniel's not gay but he wants to live in a log cabin in the woods with Tua. They won't ever have sex, but there will be a simmering erotic undercurrent as McDaniel stand in the kitchen window watching him tighten his ass as he chops wood, shirtless, sweat pouring off his body. McDaniel will run upstairs and masturbate, the entire time forcing myself to think of women while my thoughts drift back to Tua. He won't be able to climax and he'll eventually go back downstairs, angry. Sometimes they will look across the table and catch each other's eyes, and in that second, anything is possible, but they both deny themselves and go back to what we were doing. One day one of them will die, and the other will bury him outside the log cabin. Then he'll go inside, pen a brief missive to his departed friend, and commit suicide, never able to deal with life without his one true platonic love.",601.0,nfl,t3_xs88a5,False,0.0,:Patriots: Patriots,2022-09-30T14:39:49Z,patriots,0.0454875485554488
8545,77891,77891,HammyFresh,"Despite the circumstances, we had the chance to and should have won that game.",6.0,patriots,t3_xu3lyo,False,0.0,MAC JONES BAYBAY,2022-10-02T18:48:42Z,patriots,0.6908
8546,77892,77892,HammyFresh,"Despite the circumstances, we had the chance to and should have won that game.",8.0,patriots,t3_xtxcj6,False,0.0,MAC JONES BAYBAY,2022-10-02T18:48:35Z,patriots,0.6908
8547,77893,77893,HammyFresh,Regardless of what happens in OT... being tied with the Packers at Lambeau Field through 4 quarters with our 3rd string QB is an accomplishment and we should feel good about the rest of the season.,11.0,patriots,t3_xtxcj6,False,0.0,MAC JONES BAYBAY,2022-10-02T18:26:24Z,patriots,0.4404
8548,77895,77895,HammyFresh,Surprise them and air this shit out on 1st down.,8.0,patriots,t3_xtxcj6,False,0.0,MAC JONES BAYBAY,2022-10-02T18:15:58Z,patriots,-0.4854
8549,77897,77897,HammyFresh,The run game is cooking. Really wish we handed that off on 2nd down.,3.0,patriots,t3_xtxcj6,False,0.0,MAC JONES BAYBAY,2022-10-02T18:02:57Z,patriots,0.2288
8550,77898,77898,HammyFresh,Josh McCown for the win.,2.0,patriots,t3_xtxcj6,False,0.0,MAC JONES BAYBAY,2022-10-02T17:51:20Z,patriots,0.5859
8551,77900,77900,HammyFresh,Tied game. 4th Quarter. Bailey Zappe. What the fuck is today lol,16.0,patriots,t3_xtxcj6,False,0.0,MAC JONES BAYBAY,2022-10-02T17:36:44Z,patriots,-0.044475
8552,77901,77901,HammyFresh,"Fuck it, we'll take it.",5.0,patriots,t3_xtxcj6,False,0.0,MAC JONES BAYBAY,2022-10-02T17:24:42Z,patriots,-0.5423
8553,77902,77902,HammyFresh,"If you were calling the game over after GB went up 4 points, do us real fans a favor and get the fuck out and never come back. Go bandwagon a contending team.",18.0,patriots,t3_xtxcj6,False,0.0,MAC JONES BAYBAY,2022-10-02T16:51:56Z,patriots,-0.050575
8554,77904,77904,HammyFresh,Wynn is so bad that we aren't going to have a QB before long.,4.0,patriots,t3_xtxcj6,False,0.0,MAC JONES BAYBAY,2022-10-02T16:45:44Z,patriots,-0.6696
8555,77905,77905,HammyFresh,They can call everything on us but miss a blatant pick play on the Packers only score of the game. Okie doke.,4.0,patriots,t3_xtxcj6,False,0.0,MAC JONES BAYBAY,2022-10-02T16:24:48Z,patriots,0.074
8556,77907,77907,HammyFresh,We're down by 4. If you give up that easy I suggest you go bandwagon a contending team.,1.0,patriots,t3_xtxcj6,False,0.0,MAC JONES BAYBAY,2022-10-02T16:13:30Z,patriots,0.2202
8557,77908,77908,HammyFresh,DMac runs him down if that pick play doesn't happen.,2.0,patriots,t3_xtxcj6,False,0.0,MAC JONES BAYBAY,2022-10-02T16:12:19Z,patriots,0.34
8558,77909,77909,HammyFresh, If that was our play it gets called a pick 100% of the time.,5.0,patriots,t3_xtxcj6,False,0.0,MAC JONES BAYBAY,2022-10-02T16:10:10Z,patriots,0.34
8559,77911,77911,HammyFresh,Welp. This is about to be really bad or really good.,4.0,patriots,t3_xtxcj6,False,0.0,MAC JONES BAYBAY,2022-10-02T15:53:53Z,patriots,-0.07655
8992,81083,81083,HunterMantisToboggan,I mid-life crisised early too with my version - a Miata. No regrets. I say go for it,2.0,nfl,t3_xvop5w,False,0.0,:Patriots: Patriots,2022-10-05T07:08:38Z,patriots,0.0306111111111111
9816,93640,93640,Johnbgt,Everyone in this damn comment section is acting as if a close L mean shit. WE ARE FUCKING LOSING,1.0,patriots,t3_xu3lyo,False,0.0,:Pat_Patriot:,2022-10-02T19:03:57Z,patriots,-0.3339
9817,93641,93641,Johnbgt,It doesn't matter how fucking close we get. Bottom line is we're losing these games.,1.0,patriots,t3_xu3lyo,False,0.0,:Pat_Patriot:,2022-10-02T19:02:37Z,patriots,-0.195675
9818,93642,93642,Johnbgt,Damn if you're so well knowledged in football why don't you become a coach?,1.0,patriots,t3_xu3lyo,False,0.0,:Pat_Patriot:,2022-10-02T19:01:52Z,patriots,0.0107
9819,93643,93643,Johnbgt,I know I'm being dramatic I'm just so used to the old days when we were winning all the time. This is just new to me,2.0,patriots,t3_xu3lyo,False,0.0,:Pat_Patriot:,2022-10-02T18:56:56Z,patriots,0.131675
9820,93644,93644,Johnbgt,I'm just used to the deep playoff run patriots. It's just so weird,1.0,patriots,t3_xu3lyo,False,0.0,:Pat_Patriot:,2022-10-02T18:55:38Z,patriots,-0.1526
9821,93646,93646,Johnbgt,As of now the only person I trust in the patriots organization is Kraft. Belichick hasn't done jack shit since Brady left.,-3.0,patriots,t3_xu3lyo,False,1.0,:Pat_Patriot:,2022-10-02T18:52:50Z,patriots,0.3501
9822,93647,93647,Johnbgt,Fuck this shit. Belichick needs to swallow his fucking pride and hire an offense coordinator. This shit is ridiculous,4.0,patriots,t3_xtxcj6,False,0.0,:Pat_Patriot:,2022-10-02T18:42:10Z,patriots,-0.2522296296296296
9827,93673,93673,Johnbgt,I know. I just want to know what the NFL will do about this. I dont give a flying fuck what  McDaniels has to say,1.0,nfl,t3_xs88a5,False,0.0,:Patriots: Patriots,2022-09-30T17:15:15Z,patriots,-0.1721888888888888
10983,108827,108827,Lord_Burgess,Those Washington uniforms make them look like if construction workers wore football uniforms,11.0,nfl,t3_xtnmex,False,0.0,:Patriots: Patriots,2022-10-02T13:41:34Z,patriots,0.3612
10984,108828,108828,Lord_Burgess,Feels so good to be here for redzone after 3 weeks of early starts,2.0,nfl,t3_xtnmex,False,0.0,:Patriots: Patriots,2022-10-02T12:23:20Z,patriots,0.4927
11569,110305,110305,LoveToyKillJoy,What possible value is there to saying? Do you want to bet on the game?,5.0,nfl,t3_xsc1hr,False,0.0,:Patriots: Patriots,2022-09-30T16:39:06Z,patriots,0.1236
11940,113026,113026,LukeyMagukey,Please no,4.0,patriots,t3_xtb3wk,False,0.0,:3-28:,2022-10-01T22:56:36Z,patriots,0.0258
11995,113171,113171,MFreak,"""oh this one is a 'D'? Hmmm, maybe they're ambiDextrous! That's a great skill, they have my vote!""",8.0,nfl,t3_xwgbp0,False,0.0,:Patriots: Patriots,2022-10-05T20:55:50Z,patriots,0.2196
11996,113174,113174,MFreak,"What's weird about the stat chasing piece is that he's thrown like, what, 6 times downfield in 4 games including multiple good catches? I only watched 3 of the 4 games so many the Texans game was deep shot after deep shot, but feels like there's a bigger issue that he's not taking shots downfield more so than he is doing so to a detrimental level",9.0,nfl,t3_xwg4hf,False,0.0,:Patriots: Patriots,2022-10-05T12:19:41Z,patriots,0.3941249999999999
13205,120863,120863,Moss81-,Y‚Äôall better not put an S at the end of your Jone,1.0,patriots,t3_xwflux,False,0.0,16-0,2022-10-05T15:51:10Z,patriots,0.4404
13206,120865,120865,Moss81-,This defense is literally spooky,3.0,patriots,t3_xtxcj6,False,0.0,16-0,2022-10-02T17:04:50Z,patriots,0.128
13207,120866,120866,Moss81-,#IM SCREAMING,1.0,patriots,t3_xtxcj6,False,0.0,16-0,2022-10-02T16:47:06Z,patriots,-0.3818
13208,120868,120868,Moss81-,Our line is offensive,2.0,patriots,t3_xtxcj6,False,0.0,16-0,2022-10-02T16:44:58Z,patriots,-0.4588
13209,120869,120869,Moss81-,"#YOU HEAR ME. LETS PUT IN THIS WORK BOYS 2 MF MINS LETS GOOOOOOOO 

IMAGINE DEVIN SCREAMING LETS GOOOOOOOOO",5.0,patriots,t3_xtxcj6,False,0.0,16-0,2022-10-02T16:42:37Z,patriots,-0.258
13210,120870,120870,Moss81-,"Death.

Taxes.

**Stevenson feasting**",11.0,patriots,t3_xtxcj6,False,0.0,16-0,2022-10-02T16:38:47Z,patriots,-0.0222
13211,120871,120871,Moss81-,#BRO IM SCARED ASF RN BUT I STILL BELIEVE IN OUR BOYS,3.0,patriots,t3_xtxcj6,False,0.0,16-0,2022-10-02T16:30:36Z,patriots,-0.2382
13212,120874,120874,Moss81-,"I had some Chunky Soup ‚ÄúChili Mac‚Äù flavor. I put Some salt and pepper + some a little bit of cheese and it actually was better than I expected. Had it with some fruit punch body armor. 

Now I take a walk and burn this off üí™",3.0,nfl,t3_xsw1hz,False,0.0,:Patriots: Patriots,2022-10-01T15:25:22Z,patriots,0.00688125
13213,120875,120875,Moss81-,Least angry Buffalo sports enthusiast,6.0,nfl,t3_xs40lk,False,0.0,:Patriots: Patriots,2022-09-30T15:57:59Z,patriots,0.6372
13214,120878,120878,Moss81-,Bro can WEEI have any semblance of respect for another human being outside of Boston‚Ä¶at all?!?,3.0,patriots,t3_xs616o,False,0.0,16-0,2022-09-30T15:22:56Z,patriots,0.131375
13460,122615,122615,Mulligan0816,That thumbnail image holy shit lol,1.0,nfl,t3_xul9e3,False,0.0,:Patriots: Patriots,2022-10-04T13:40:44Z,patriots,-0.2023
13461,122619,122619,Mulligan0816,Fuck. Yes. Good shit JJ!,6.0,nfl,t3_xtnmex,False,0.0,:Patriots: Patriots,2022-10-02T16:48:45Z,patriots,-0.0581296296296296
13462,122621,122621,Mulligan0816,Hahahahha wtf was that roughing the passer?,3.0,nfl,t3_xtnmex,False,0.0,:Patriots: Patriots,2022-10-02T14:56:50Z,patriots,-0.5859
14540,131091,131091,OTheOwl,"Boston sports fans are the worse. It is a combination of expecting to always be contention to win the championship coupled with the most toxic sports radio in the country.

There are ""fans"" saying we should move on from Mac and BB.",3.0,nfl,t3_xu3l5k,False,0.0,:Patriots: Patriots,2022-10-03T09:35:29Z,patriots,0.0680888888888889
14554,131105,131105,OTheOwl,"I wanted Zappe to rip it but the odds of a turnover would be much higher and that game came down to a field goal. The Patriots game plan was solid, and you have to imagine if Hoyer did not get knocked out or if Mac was not injured that we might have won it.",3.0,nfl,t3_xty42y,False,0.0,:Patriots: Patriots,2022-10-02T19:27:50Z,patriots,0.381
15389,138405,138405,Patriots80,Tampa is starting to feel like a recent Lakers squad adding a rotating slew of aging high-profile names who just bounce in and out for 3-4 games or one season to play with Brady (LeBron),50.0,nfl,t3_xwevfj,False,0.0,:Patriots: Patriots,2022-10-05T11:21:43Z,patriots,0.5994
16247,140726,140726,Phantom255x,"Oh my bad lol, Tua is still fresh on my mind lol. 

I don't disagree with you btw. I'd keep Mac out this weekend",15.0,nfl,t3_xs3oop,False,0.0,:Patriots: Patriots,2022-09-30T10:26:17Z,patriots,0.0519962962962962
16248,140727,140727,Phantom255x,Tbf there's a huge difference between this and something like a concussion/head/neck injury,-19.0,nfl,t3_xs3oop,False,0.0,:Patriots: Patriots,2022-09-30T10:21:51Z,patriots,0.25
16249,140728,140728,Phantom255x,Boston/New York/Philly are all in a class of their own compared to everyone else lol,18.0,nfl,t3_xs3oop,False,0.0,:Patriots: Patriots,2022-09-30T10:16:10Z,patriots,0.4215
16250,140729,140729,Phantom255x,"I like Stewart and he seems like a great guy IRL but I hate that Felger + Mazz + Murray have made him this ""Stu's phone"" guy",5.0,nfl,t3_xs3oop,False,0.0,:Patriots: Patriots,2022-09-30T10:12:17Z,patriots,-0.25
17239,152032,152032,RedLightning2811,What‚Äôs wrong with you,1.0,nfl,t3_xs3gr6,False,0.0,:Patriots: Patriots,2022-09-30T12:27:51Z,patriots,-0.4767
17850,163233,163233,ShanePerkins,That sack may have lost us the game lol,12.0,nfl,t3_xty42y,False,0.0,:Patriots: Patriots,2022-10-02T18:02:59Z,patriots,0.128
17851,163234,163234,ShanePerkins,He's so good. We criminally under utilize rbs,1.0,nfl,t3_xty42y,False,0.0,:Patriots: Patriots,2022-10-02T18:02:22Z,patriots,0.123175
17852,163236,163236,ShanePerkins,If zappe pulls out the W here then plays lights out next week do we have a qb controversy?,8.0,nfl,t3_xty42y,False,0.0,:Patriots: Patriots,2022-10-02T17:47:58Z,patriots,0.25
17853,163238,163238,ShanePerkins,Patriots winning in the 4th led by zappe exactly what we expected,8.0,nfl,t3_xty42y,False,0.0,:Patriots: Patriots,2022-10-02T17:45:11Z,patriots,0.5267
17854,163241,163241,ShanePerkins,"Being a pats fan for the last 20+ years I need to know.
Why is it so hard for people to spell belichick",11.0,nfl,t3_xty42y,False,0.0,:Patriots: Patriots,2022-10-02T17:40:31Z,patriots,-0.0296
17855,163243,163243,ShanePerkins,I don't think it was reset properly after the delay,-1.0,nfl,t3_xty42y,False,0.0,:Patriots: Patriots,2022-10-02T17:31:28Z,patriots,-0.3182
17856,163244,163244,ShanePerkins,Didn't look nearly as bad in the replay,0.0,nfl,t3_xty42y,False,1.0,:Patriots: Patriots,2022-10-02T17:30:45Z,patriots,-0.5423
18408,166756,166756,Sithlordbelichick,He didn‚Äôt look bad,10.0,patriots,t3_xu4gxg,False,0.0,MAC10 enjoyer,2022-10-02T19:35:12Z,patriots,-0.5423
18409,166757,166757,Sithlordbelichick,Our offense has been completely out of whack since late 2019.,9.0,patriots,t3_xtzk6b,False,0.0,MAC10 enjoyer,2022-10-02T16:12:12Z,patriots,-0.25
18444,168289,168289,Skippertech,"I honestly don't even think Zappe played that well lol. He hit a few throws thanks to great play design. 

I feel like you can't really play that game though. What happens if Hoyer doesn't get concussed? Patriots are probably a touchdown better with Hoyer over Zappe",1.0,nfl,t3_xvel37,False,0.0,:Patriots: Patriots,2022-10-04T14:06:25Z,patriots,0.090231008
18445,168290,168290,Skippertech,"I mean, is bringing a NFC contender to OverTime on the road with your rookie 3rd string QB not worth anything?",1.0,nfl,t3_xvel37,False,0.0,:Patriots: Patriots,2022-10-04T10:10:04Z,patriots,-0.6807
18549,175261,175261,TakeOneFour,"Browns feel like the only unambiguous villains at this point, and I don't see how any team can do anything *on the field* to take that from them. I don't doubt Snyder's ability to do something truly horrific to take the title from them off the field, though.",3.0,nfl,t3_xu4k9g,False,0.0,:Patriots: Patriots ,2022-10-03T09:36:16Z,patriots,-0.2749
19029,179240,179240,Thabass,ZAPPE IS GOOD.,2.0,patriots,t3_xtxcj6,False,0.0,LET MAC PASS,2022-10-02T17:44:24Z,patriots,0.4404
22120,200503,200503,YaBoiJim777,"EPA is expected points added for anyone confused

Not sure what the size of the circle means?",1.0,nfl,t3_xuooef,False,0.0,:Patriots: Patriots,2022-10-04T09:37:42Z,patriots,-0.5043
22121,200509,200509,YaBoiJim777,I have a parlay that wins +1400 if Detroit wins. Best way to hedge? They‚Äôre down 10 with 6 min left,2.0,nfl,t3_xtnmex,False,0.0,:Patriots: Patriots,2022-10-02T14:58:15Z,patriots,0.1008629629629629
22861,202964,202964,YoungDaquan,"We‚Äôve had one of the hardest schedules in the league and let two of those games slip away. We started 2-4 last year. The Patriots always get better after September. 

If Mac was healthy, I‚Äôd be more excited for this upcoming stretch of 6-7 games",3.0,nfl,t3_xvrwfi,False,1.0,:Patriots: Patriots,2022-10-04T17:16:53Z,patriots,0.192275
22862,202965,202965,YoungDaquan,Good thing the season is a *little* longer than four weeks,18.0,nfl,t3_xvrwfi,False,0.0,:Patriots: Patriots,2022-10-04T17:06:14Z,patriots,0.4404
22863,202966,202966,YoungDaquan,Jared Goff way better than the 49ers dealt with until they got Jimmy. Jimmy also missed a lot of games which didn‚Äôt help,6.0,nfl,t3_xuy1c8,False,0.0,:Patriots: Patriots,2022-10-03T21:11:17Z,patriots,0.1741
22864,202969,202969,YoungDaquan,I‚Äôm sad bro,0.0,nfl,t3_xu3lee,False,0.0,:Patriots: Patriots,2022-10-02T18:51:44Z,patriots,-0.4767
22865,202971,202971,YoungDaquan,"The Patriots were tied 1st in explosive (20+ yards) pass plays from a tweet I saw I‚Äôd have to double check. 

They definitely might be forcing it a bit",2.0,nfl,t3_xscv98,False,0.0,:Patriots: Patriots,2022-09-30T19:38:41Z,patriots,0.2634499999999999
23449,216377,216377,bigxbluexwwex,Do y‚Äôall think that AB will do some even wilder shit by the end of the year after the pool incident?,4.0,nfl,t3_xvfvem,False,0.0,:Patriots: Patriots,2022-10-04T16:39:33Z,patriots,-0.5574
23822,224062,224062,bubbastars,Well this game has been a big FU from the coaching staff to all the haters here,9.0,patriots,t3_xtxcj6,False,0.0,:Pat_Patriot:,2022-10-02T17:45:44Z,patriots,-0.8192
23823,224063,224063,bubbastars,"https://nflcommunications.com/Pages/NFL-to-Celebrate-the-League's-International-Diversity-with-Helmet-Initiative-in-Weeks-4-and-5.aspx

NFL‚Äôs official communications^

TLDR: This and next week, players and coaches will be wearing flags to celebrate the league‚Äôs international diversity. 

Pats coaches seem to be embracing it more than most other teams. Kinda cool.",1.0,patriots,t3_xtxcj6,False,0.0,:Pat_Patriot:,2022-10-02T16:52:28Z,patriots,0.1050481481481481
23824,224064,224064,bubbastars,Lmao did anyone catch what he said?,1.0,patriots,t3_xtxcj6,False,0.0,:Pat_Patriot:,2022-10-02T16:51:40Z,patriots,0.5994
23825,224065,224065,bubbastars,"https://nflcommunications.com/Pages/NFL-to-Celebrate-the-League's-International-Diversity-with-Helmet-Initiative-in-Weeks-4-and-5.aspx

This and next week, players and coaches will be wearing flags to celebrate the league‚Äôs international diversity. 

Pats coaches seem to be embracing it more than most other teams. Kinda cool.",1.0,patriots,t3_xtxcj6,False,0.0,:Pat_Patriot:,2022-10-02T16:47:08Z,patriots,0.1050481481481481
23843,225140,225140,bun39,True. Maybe misworded. I was just being technical with the way I said it.,1.0,nfl,t3_xtximw,False,0.0,:Patriots: Patriots,2022-10-02T14:48:07Z,patriots,0.0156111111111111
23844,225141,225141,bun39,Exactly my thoughts. Not every leak has to be super exciting or shocking.,11.0,nfl,t3_xtximw,False,0.0,:Patriots: Patriots,2022-10-02T14:46:06Z,patriots,0.37665
23845,225142,225142,bun39,"Technically internal, not an exciting ""leak"", but a ""leak"" nonetheless I thought worth sharing.",17.0,nfl,t3_xtximw,False,0.0,:Patriots: Patriots,2022-10-02T14:43:34Z,patriots,0.3927
24418,227774,227774,certain_entropy,pats officially worst team in the afc east :(,7.0,nfl,t3_xty42y,False,0.0,:Patriots: Patriots,2022-10-02T18:48:50Z,patriots,-0.7906
24419,227775,227775,certain_entropy,nah pats go prevent and give up the field goal,1.0,nfl,t3_xty42y,False,0.0,:Patriots: Patriots,2022-10-02T18:38:16Z,patriots,-0.0772
24420,227776,227776,certain_entropy,This game is already past my bed time :( Watching in Europe sucks,3.0,nfl,t3_xty42y,False,0.0,:Patriots: Patriots,2022-10-02T18:37:04Z,patriots,-0.6597
24421,227779,227779,certain_entropy,">According to New York Giants owner and NFL competition committee member, John Mara, the league reached a unanimous agreement that it should be ruled a completion in the future. They've also acknowledged that it's time to create a clear definition of what a catch is to prevent further confusion. 

[https://www.nbcsports.com/washington/redskins/three-years-later-nfl-now-says-cowboys-dez-bryant-did-fact-catch-it](https://www.nbcsports.com/washington/redskins/three-years-later-nfl-now-says-cowboys-dez-bryant-did-fact-catch-it)",2.0,nfl,t3_xty42y,False,0.0,:Patriots: Patriots,2022-10-02T18:17:37Z,patriots,0.0630666666666666
24422,227780,227780,certain_entropy,dez bryant catch no catch,2.0,nfl,t3_xty42y,False,0.0,:Patriots: Patriots,2022-10-02T18:14:04Z,patriots,-0.296
24423,227781,227781,certain_entropy,when do the automatic booth reviews happen? Is it after the 2 minute warning?,3.0,nfl,t3_xty42y,False,0.0,:Patriots: Patriots,2022-10-02T18:12:54Z,patriots,-0.17
24424,227782,227782,certain_entropy,"Do we start zappe next week over hoyer if Hoyer clears to see if Zappe has room to grow? He's definitely green, but he made some nice throws",3.0,nfl,t3_xty42y,False,0.0,:Patriots: Patriots,2022-10-02T18:05:49Z,patriots,0.3571499999999999
24425,227783,227783,certain_entropy,an allegory for the lack our passing game,1.0,nfl,t3_xty42y,False,0.0,:Patriots: Patriots,2022-10-02T18:01:14Z,patriots,-0.3182
24426,227784,227784,certain_entropy,yes.,2.0,nfl,t3_xty42y,False,0.0,:Patriots: Patriots,2022-10-02T17:55:08Z,patriots,0.4019
24427,227785,227785,certain_entropy,"whoa that's crazy. Apparently he was a slow grower in highschool and wasn't see as a elite prospect early on for the colleges.

>Souza, Rodgers' former position coach at Pleasant Valley High School in Chico, California, would politely field these inquiries while examining a photo collage of former players on his desk.""There's Aaron as a sophomore at about 5'6"", 125 pounds. He's just a midget. How did people miss on him? Here it is,"" Souza said....""The reality is, he arrived as a 5'3"" freshman, his \[junior varsity\] year I think he was 5'7"" and his senior year he started at 6'0"", 180 pounds,"" Souza recalled. ""But Aaron always had an incredible understanding for the game.  
>  
>...  
>  
>Jackson attempted to help elevate his star's status shortly before the 2001 season, when they attended a camp at the University of Illinois.   
""We took him to this camp at Illinois and \[it\] felt like he was the best quarterback on their campus. The frustrating part for us was trying to convince coaches to look past his size and give him a little time to mature,"" Jackson said. ""College coaches wanted highly rated quarterback recruits who they felt were already proven and physically prepared. We just wanted someone to give him a chance.""  
Rodgers added approximately two inches and 15 pounds as a senior, according to Souza, and even though he also excelled as a student, he still struggled to attract attention as a possible Division I scholarship athlete.  
""Our society in sports, especially football, is so driven by the 'eye test.' At quarterback, they want you to look a certain way. I'm sure that definitely deterred some people from giving him an opportunity,"" Jackson said.  


[https://bleacherreport.com/articles/2582998-from-junior-college-to-1st-round-pick-the-college-recruitment-of-aaron-rodgers](https://bleacherreport.com/articles/2582998-from-junior-college-to-1st-round-pick-the-college-recruitment-of-aaron-rodgers)",1.0,nfl,t3_xty42y,False,0.0,:Patriots: Patriots,2022-10-02T17:50:02Z,patriots,0.0026761695915174
24428,227786,227786,certain_entropy,It's impressive that Stevenson was a JUCO player. Last Chance U was eye-opening on how difficult those players have it. It's probably easier to win the lottery than make it to the NFL.,4.0,nfl,t3_xty42y,False,0.0,:Patriots: Patriots,2022-10-02T17:43:37Z,patriots,0.2596888888888889
24429,227787,227787,certain_entropy,"\> More than 200 NFL players will celebrate the ‚Äúgrowing number of nationalities and cultures that make up the fabric of the league‚Äù by wearing international flags on their helmets in Weeks 4 and 5

https://news.sportslogos.net/2022/09/29/nfl-players-coaches-executives-to-wear-international-flags-in-weeks-4-5/football/",3.0,nfl,t3_xty42y,False,0.0,:Patriots: Patriots,2022-10-02T17:37:39Z,patriots,0.6124
24430,227788,227788,certain_entropy,Belichick offseason workout really paying off. That had to be like a sub 4.4 run,12.0,nfl,t3_xty42y,False,0.0,:Patriots: Patriots,2022-10-02T17:36:02Z,patriots,0.1806
24431,227789,227789,certain_entropy,"\>More than 200 NFL players will celebrate the ‚Äúgrowing number of nationalities and cultures that make up the fabric of the league‚Äù by wearing international flags on their helmets in Weeks 4 and 5

Bill Belichick is of Croatian heritage. [https://news.sportslogos.net/2022/09/29/nfl-players-coaches-executives-to-wear-international-flags-in-weeks-4-5/football/](https://news.sportslogos.net/2022/09/29/nfl-players-coaches-executives-to-wear-international-flags-in-weeks-4-5/football/)  


Edit: Thank you kind stranger. Also another article about Belichick's Croatian heritage: [https://www.croatiaweek.com/bill-belichick-i-am-proud-of-my-croatian-heritage/](https://www.croatiaweek.com/bill-belichick-i-am-proud-of-my-croatian-heritage/)",2.0,nfl,t3_xty42y,False,0.0,:Patriots: Patriots,2022-10-02T17:27:02Z,patriots,0.1015259259259259
24432,227790,227790,certain_entropy,It is the Jones who was promised.,10.0,nfl,t3_xty42y,False,0.0,:Patriots: Patriots,2022-10-02T16:49:40Z,patriots,0.3612
24642,232957,232957,ctpatsfan77,"His role isn't to be QB1, it's to keep them from needing to spend significantly more on a veteran backup. And I think he's succeeded at that.",5.0,nfl,t3_xuscn0,False,0.0,:Patriots: Patriots,2022-10-03T19:26:26Z,patriots,0.21075
24643,232960,232960,ctpatsfan77,"Cole Strange ‚úîÔ∏è 

Tyquan Thornton TBD

Marcus Jones ‚úîÔ∏è

Jack Jones ‚úîÔ∏è

Pierre Strong TBD

Bailey Zappe ‚úîÔ∏è",22.0,nfl,t3_xuscn0,False,0.0,:Patriots: Patriots,2022-10-03T14:48:13Z,patriots,0.3612
24703,233686,233686,dafire123,Same old sorry ass rams (in the regular season),2.0,nfl,t3_xv36xa,False,0.0,:Patriots: Patriots,2022-10-04T02:44:21Z,patriots,-0.5859
24704,233688,233688,dafire123,This does not bode well,50.0,nfl,t3_xtl0jb,False,0.0,:Patriots: Patriots,2022-10-02T05:18:43Z,patriots,-0.2057
24705,233689,233689,dafire123,"Ofc, a falcons fan posting this too üò≠",12.0,nfl,t3_xtefu9,False,0.0,:Patriots: Patriots,2022-10-01T22:43:11Z,patriots,-0.2023
24981,236230,236230,dank-nuggetz,"I mean Mac was by far and away the best rookie QB last year and would have been the 1st QB drafted this year if he was a year younger. He finished last year as the 14th-16th ranked QB (and higher in some individual metrics), which for a rookie is pretty damn good. Idk if it changes the trajectory of the Colts that much, but you guys would not be saying it was a whiffed pick if you grabbed Mac last year.",4.0,nfl,t3_xuk88l,False,0.0,:Patriots: Patriots,2022-10-03T10:43:33Z,patriots,0.0649111111111111
25416,242449,242449,dolladollaclinton,Maybe they will try even harder to let you win!,2.0,nfl,t3_xwiyhb,False,0.0,:Patriots: Patriots,2022-10-05T17:05:38Z,patriots,0.6239
25500,245621,245621,fast328,HAPPY CAKE DAY :D,5.0,patriots,t3_xw8y69,False,0.0,Bills = 0 Superbowls ,2022-10-05T09:30:32Z,patriots,0.7906
25501,245633,245633,fast328,No,1.0,patriots,t3_xuk75l,False,0.0,Bills = 0 Superbowls ,2022-10-03T13:48:07Z,patriots,-0.296
25502,245637,245637,fast328,Dude had to cross the line for the sake of a joke,1.0,patriots,t3_xs616o,False,1.0,Bills = 0 Superbowls ,2022-09-30T13:48:14Z,patriots,0.296
27643,276572,276572,mdmcnally1213,"Really the last 3.. Dugger and Onwenu make up for the rest of the 2020 draft, plus I still think Uche and Jennings have rotational upside, they just aren't studs. If we have two great starters and two rotations EDGE players, that's a great result IMO.",18.0,nfl,t3_xve6h6,False,0.0,:Patriots: Patriots,2022-10-04T08:29:29Z,patriots,0.42405
28463,288171,288171,noshingsomepods,"In Tom Brady's 1st start filling in for Bledsoe, the Patriots scored 44 points against the Peyton Colts who had by far the worst defense in the league that year.

If that happens again I'll uh, start looking into churches I guess.",11.0,nfl,t3_xwkl3h,False,0.0,:Patriots: Patriots,2022-10-05T15:15:03Z,patriots,-0.13935
28464,288172,288172,noshingsomepods,"It's trespassing, misdemeanor and a fine.  He'll also almost certainly have the lawsuit dismissed, it's fine.",8.0,nfl,t3_xwjzg0,False,0.0,:Patriots: Patriots,2022-10-05T15:08:01Z,patriots,0.176375
28465,288173,288173,noshingsomepods,"After Monica Seles, any athlete is justified in annihilating someone who runs onto the field.  Obviously don't do anything once they're not a threat, but yeah, go right ahead and give them your best JACKED UP shot.  If they end up really hurt, oh well, pretty easy to stay in your seat.",8.0,nfl,t3_xwjzg0,False,1.0,:Patriots: Patriots,2022-10-05T15:07:12Z,patriots,0.3075074074074074
28466,288174,288174,noshingsomepods,Lions living the all gas no brakes life.,31.0,nfl,t3_xwkl3h,False,0.0,:Patriots: Patriots,2022-10-05T15:03:38Z,patriots,-0.296
28467,288176,288176,noshingsomepods,Beasley has refused his last shot.,2.0,nfl,t3_xwevfj,False,1.0,:Patriots: Patriots,2022-10-05T11:25:56Z,patriots,-0.296
28468,288178,288178,noshingsomepods,"Yeah, there's basically no good argument either way for starting or sitting a rookie.  Give the coaches time, throw some scrub out there to eat shit until the rookie's ready, then start him when you think he's good to go.  

Steelers were always gonna live and die on what their defense could drag them to this year, and Watt died in the first game, so welp.

Now Pickett's had a month, hopefully won't piss himself and can throw some jump balls to their ridiculous receivers.",9.0,nfl,t3_xvinqy,False,0.0,:Patriots: Patriots,2022-10-04T15:52:19Z,patriots,0.039873828125
28469,288179,288179,noshingsomepods,"Most holding as screamed at by fans is not actually holding. The second the pass rusher executes a rip move, the OL can hold.  That's why you can see a pass rusher with a tackle straight up choking his head and that's perfectly legal.",-1.0,nfl,t3_xv61pg,False,0.0,:Patriots: Patriots,2022-10-04T08:44:32Z,patriots,0.1719333333333333
28470,288180,288180,noshingsomepods,"Broadcasters should realize not showing them isn't going to stop people from running on since everyone has a cellphone anyway and we'll get the footage regardless.  

And since Monica Seles happened, you got a perfectly valid reason to drop 'em.  So give the players open season, first guy to them gets to put a complete freebie JACKED UP hit on 'em, then let security drag 'em off the field.",2.0,nfl,t3_xv1ktc,False,0.0,:Patriots: Patriots,2022-10-03T22:32:31Z,patriots,0.2314444444444444
28471,288181,288181,noshingsomepods,"Yeah I could see a situation where a kicker or punter was an emergency fill in for Team A (like say their starter got a drug suspension or something), gets cut once that's over, then immediately signed by a TNF team that lost their guy that week.",1.0,nfl,t3_xuv6uq,False,0.0,:Patriots: Patriots,2022-10-03T16:07:08Z,patriots,-0.3182
28472,288182,288182,noshingsomepods,Or Adrian Peterson using his charity funds to pay for hotel orgies:  https://www.washingtonpost.com/news/early-lead/wp/2014/10/06/adrian-peterson-investigation-alleges-use-of-charity-funds-for-hotel-room-orgy/,19.0,nfl,t3_xukyxw,False,0.0,:Patriots: Patriots,2022-10-03T11:47:09Z,patriots,0.34
28473,288184,288184,noshingsomepods,"Yeah, there was an OTL investigation almost a decade ago of ~115 of them:  https://www.espn.com/espn/otl/story/_/id/9109024/top-athletes-charities-often-measure-charity-experts-say-efficient-effective-use-money

Basically you should presume any athlete's charity is a way to funnel money to their shittiest friends and family members.  There's so many good charities to donate to, check charitynavigator and donate in the guy's name or something instead please.",49.0,nfl,t3_xukyxw,False,0.0,:Patriots: Patriots,2022-10-03T11:14:19Z,patriots,0.524275
28474,288187,288187,noshingsomepods,"The phrase ""several mistakes"" needing so many layers of scare quotes around them Tua's hands were curled up trying to make them as he was laying on the field",-4.0,nfl,t3_xt1t9e,False,0.0,:Patriots: Patriots,2022-10-01T14:10:11Z,patriots,-0.6908
28475,288188,288188,noshingsomepods,No?  I'm basing this off the dude the league dragged out to piss on Chris Borland's retirement from concussion concerns.,15.0,nfl,t3_xsf2cf,False,0.0,:Patriots: Patriots,2022-10-01T00:16:35Z,patriots,-0.2202
28476,288189,288189,noshingsomepods,"I'm not more qualified then a doctor to say smoking causes cancer.  However, unlike a Doctor working for Philip Morris, I'm unlikely to be lying.  

The NFL has a severe credibility problem as they've repeatedly been shown to be lying about and suppressing evidence of concussions and CTE, with many many examples of players giving evidence of malpractice by team doctors.  

Based on that, why would a right thinking person trust the NFL in this without overwhelming evidence backing them up?",5.0,nfl,t3_xs86sf,False,0.0,:Patriots: Patriots,2022-09-30T22:54:49Z,patriots,0.067330859375
28477,288190,288190,noshingsomepods,"The NFL planned to use helmet sensors in 2015 to measure impact that could lead to potentially damaging head trauma. Twenty colleges used them first, and after receiving those initial readings, the NFL completely buried the program immediately.

https://www.espn.com/espn/otl/story/_/id/12348395/nfl-teams-use-concussion-sensors-helmets-2015",148.0,nfl,t3_xskiju,False,0.0,:Patriots: Patriots,2022-09-30T22:31:29Z,patriots,-0.0269222222222222
28478,288191,288191,noshingsomepods,"Heck, they still have those guys around.  One of the league's favorite CTE deniers, Joseph Maroon, is still the neurosurgeon for the Steelers as well as the medical director of the WWE.",184.0,nfl,t3_xsf2cf,False,0.0,:Patriots: Patriots,2022-09-30T20:09:31Z,patriots,0.2294
28479,288192,288192,noshingsomepods,They also tended to have very fundamentally sound running backs over the last twenty years thanks to Ivan Fears,21.0,nfl,t3_xsfznp,False,0.0,:Patriots: Patriots,2022-09-30T18:58:10Z,patriots,-0.0258
28480,288194,288194,noshingsomepods,"Didn't qualify for minimum passing plays.

Hah, looking at the best games by the AFC East last year, the top two were... Mac against the Jaguars then Zach against the Jaguars.  Then Allen  vs Chiefs, Mac vs Browns, 4 more Allen games, then 2 Mac games to round out the top 10 and every game over an 80.",3.0,nfl,t3_xscr25,False,0.0,:Patriots: Patriots,2022-09-30T16:38:55Z,patriots,0.1565148148148148
28481,288197,288197,noshingsomepods,"A whole bunch of aired interviews with players talking about the constant misery they're in along with all the stories of former players killing themselves changed little, so I have little hope this will either.

Hell, the Dolphins will likely run Tua out against the Jets in a week and maybe we'll watch a man smash more decades off his life",4.0,nfl,t3_xs5ta3,False,0.0,:Patriots: Patriots,2022-09-30T11:50:50Z,patriots,-0.5297499999999999
28482,288198,288198,noshingsomepods,"Same as it's been since the CTE news first started hitting.  A modest, sustained decline in the # of kids playing football with more youth leagues, especially outside the south, switching to non-contact. 

Time will tell if it causes a cultural drop off over time like say, Boxing had with the eradication of the HS boxing clubs through the 70's.",8.0,nfl,t3_xs5ta3,False,0.0,:Patriots: Patriots,2022-09-30T11:36:33Z,patriots,0.0567111111111111
30017,295139,295139,pccb123,Heard for 3 years in Boston sports media and our sub how we should cut our losses and swap Harry (ASU hero) to AZ for a Isabella (UMass hero) lol here is Bill‚Äôs chance!,18.0,nfl,t3_xvp5xq,False,0.0,:Patriots: Patriots,2022-10-04T17:00:20Z,patriots,0.8172
30022,295151,295151,pccb123,Thanks! I‚Äôm kinda stoked for you guys and Geno ngl.,10.0,nfl,t3_xu4ap7,False,0.0,:Patriots: Patriots,2022-10-02T21:05:14Z,patriots,0.12315
30023,295152,295152,pccb123,Can anyone who has watched some of these two teams tell me what is going on lol is Geno any good? Are the broncos junk? Upside down world?,11.0,nfl,t3_xu4ap7,False,0.0,:Patriots: Patriots,2022-10-02T20:00:46Z,patriots,0.0255851851851851
30025,295154,295154,pccb123,"Team just went toe to toe with Rodgers with a third string rookie QB lol we are obv still rebuilding and have totally change the offense so there are kinks to work out but you cant say we have 0 talent. Im also not sure what you mean but by ""not kidding ass like everybody else"". We must see very different posts on here lol",9.0,nfl,t3_xu3l5k,False,0.0,:Patriots: Patriots,2022-10-02T19:08:34Z,patriots,0.1683296296296296
30028,295157,295157,pccb123,I‚Äôm sure he‚Äôs legit terrified lol,1.0,nfl,t3_xty42y,False,0.0,:Patriots: Patriots,2022-10-02T18:37:59Z,patriots,0.0258
30029,295158,295158,pccb123,"Yeah, let Zappe cook!",1.0,nfl,t3_xty42y,False,0.0,:Patriots: Patriots,2022-10-02T18:35:07Z,patriots,0.3595
30030,295159,295159,pccb123,I‚Äôm having a heart attack.,3.0,nfl,t3_xty42y,False,0.0,:Patriots: Patriots,2022-10-02T18:13:15Z,patriots,0.2732
31191,307658,307658,snufalufalgus,"Rex did that type of shit routinely. Once against the Pats he sent out all of the Jets players who had been cut by the Pats as his captains, including current Vikings head coach Kevin O'Connell",13.0,nfl,t3_xuvvpp,False,0.0,:Patriots: Patriots,2022-10-04T01:36:29Z,patriots,-0.27595
32770,321605,321605,theWhiteKnightttt,"20 long years every single week, I kept hearing about these so called trap games. I always wondered what they meant by that. And I never understood why they didn‚Äôt bring it up after the game?",268.0,nfl,t3_xwb586,False,0.0,:Patriots: Patriots,2022-10-05T10:17:10Z,patriots,-0.0139777777777777
32771,321608,321608,theWhiteKnightttt,"It‚Äôs amazing to watch the Bills and Dolphins succeed like they have this year. Heck even the Jets are 2-2 and they are loaded with talent finally. ( That doesn‚Äôt mean the jets will know how to develop them. Burn.) Anyways. As a millennial I‚Äôve never experienced seeing these 3 teams as legit contenders. Maybe back in 02‚Äô when Bledsoe played for the Bills or between 09-10 when Rex Ryan coached the Jets but it was very rare the last 21 years. 
If the Patriots don‚Äôt make the playoffs ( not looking great ) I‚Äôll be cheering for the Bills a wild man.",3.0,nfl,t3_xu3l5k,False,0.0,:Patriots: Patriots,2022-10-03T13:24:18Z,patriots,0.0029674396932125
32772,321610,321610,theWhiteKnightttt,"As a Patriots fan this has been one of the most exciting years to watch. The Bills and Dolphins are great teams.The Jets have a boatload of young talent and are 2-2 somehow. Going over to the NFC the Lions actually have a real nucleus of players. Goff, Swift, St. Brown, Jameson Williams will be good for the next 5 years. Draft 5 defenders next year, sign 2 decent ones and boom, the Lions can compete with anyone.",1.0,nfl,t3_xtz3tx,False,0.0,:Patriots: Patriots,2022-10-03T08:55:42Z,patriots,0.034488704
32773,321613,321613,theWhiteKnightttt,"When did I say he‚Äôll be fine because it happens a lot ?? I clearly said he‚Äôll have neurological problems. 

 but they won‚Äôt be as bad as some people are making them out to be. The brain has the ability to heal itself and most traumatic brain injuries you end up in a coma. He was on the team plane last night joking around. He‚Äôll be okay.",-3.0,nfl,t3_xs23xp,False,0.0,:Patriots: Patriots,2022-09-30T14:52:20Z,patriots,0.0354898333177502
32774,321614,321614,theWhiteKnightttt,"You want the NFL to take a fair and transparent stance? They‚Äôve done everything in their power to reduce head injuries. Last year they had the least amount of concussions they‚Äôve ever had. They implemented the concussion protocol 10 years ago. They now have medical experts who will pull players from games that appear to have been concussed regardless of how they test. They won‚Äôt let said player go back in no matter what. They‚Äôve changed the helmets 5 times in the last 12 years that are much safer. This year they added concussion helmet pads that go over the helmet in training camp. Concussion numbers were lower than ever in camp.  

Ultimately Tua made the decision to go back out there and play last night. He easily could‚Äôve reported symptoms to the team and sat the game out. NFL Players are VERY educated when it comes to concussions.",-1.0,nfl,t3_xs23xp,False,0.0,:Patriots: Patriots,2022-09-30T14:44:29Z,patriots,0.0025437363055063
32775,321615,321615,theWhiteKnightttt,"Yes I did. Having neurological issues when you get older is common with everybody. His issues will occur sooner but when you‚Äôre a multi-millionaire , your healthcare is typically better than the average person. He‚Äôll be fine like I said.",-5.0,nfl,t3_xs23xp,False,0.0,:Patriots: Patriots,2022-09-30T14:30:47Z,patriots,0.166263671875
32776,321618,321618,theWhiteKnightttt,"People are overreacting to the Tua injury. Anybody who says they might not watch football ever again is just seeking attention from other redditors. This is a violent contact sport. We see someone go into the fencing position almost every single year. Weather it be a star QB or a special teamer colliding with another special teamer. He was laughing and joking on the team plane. On a scale of traumatic brain injuries, this is one of least traumatic. It was more than a concussion but stop acting like he‚Äôs going to be a vegetable at 40. he‚Äôll have some neurological issues when he‚Äôs older but almost all NFL players do. He‚Äôs going to be fine. Everyone thought players like Wes Welker and Tedy Bruschi would be vegetables by now. Neither are.",1.0,nfl,t3_xs23xp,False,1.0,:Patriots: Patriots,2022-09-30T14:04:19Z,patriots,0.0031442730664954
32777,321619,321619,theWhiteKnightttt,"The NFL is getting harder to watch? That‚Äôs strange because it‚Äôs the most watched program on cable. But not only the most watched program, the top 20 most watched tv programs this month are all NFL games. Not one tv show did better than any NFL game.",-6.0,nfl,t3_xrm1t7,False,0.0,:Patriots: Patriots,2022-09-30T00:12:36Z,patriots,0.1254390625
33617,328878,328878,untitled298,I‚Äôll take one SNF GDT please and thank you,2.0,nfl,t3_xtnmex,False,0.0,:Patriots: Patriots :49ers: 49ers,2022-10-02T19:21:28Z,patriots,0.5859
33618,328879,328879,untitled298,Bill hates this man more than he‚Äôs hated anything in his entire life,9.0,nfl,t3_xty42y,False,0.0,:Patriots: Patriots :49ers: 49ers,2022-10-02T18:15:02Z,patriots,-0.8107
33619,328880,328880,untitled298,"Packers fans, y‚Äôall should be pissed. There‚Äôs no excuse to not throw that flag",13.0,nfl,t3_xty42y,False,0.0,:Patriots: Patriots :49ers: 49ers,2022-10-02T17:26:00Z,patriots,-0.187825
33968,332559,332559,watsonthedragon,grab the strainer,4.0,nfl,t3_xs88a5,False,0.0,:Patriots: Patriots,2022-09-30T13:40:00Z,patriots,-0.2023
34141,340014,340014,youraveragecupcake,No strange or jakc jones?,1.0,nfl,t3_xw6488,False,0.0,:Patriots: Patriots,2022-10-05T08:07:32Z,patriots,0.1511
34142,340015,340015,youraveragecupcake,"Defense is doing alright. I'd say the only bad game was the Ravens, even then it's the turnovers from the offense that killed us. Plus Lamar is on a mvp run right now.

Patricia isn't doing that bad at oc actually. It's fun for everyone to hate on him but he's called decent games and learned from the previous ones.

Not saying we will be a dynasty, pretty sure that ship sailed once we no longer had the greatest coach and qb combo. But we can be a good team still.",3.0,nfl,t3_xvrwfi,False,0.0,:Patriots: Patriots,2022-10-05T07:38:11Z,patriots,0.1013792152929476
34244,340745,340745,zetablunt,There was this old backup we had in the early 00s who wound up being pretty good in addition to those guys,2.0,nfl,t3_xu1rq2,False,0.0,:Patriots: Patriots :Patriots: Patriots,2022-10-03T17:37:22Z,patriots,0.7269
